listing_id,link_url,listing_title,business_types,listing_type,property_type,sale_price,rental_price,rental_period,yearly_iptu,monthly_condo_fee,amenities,usable_area,bathrooms,bedrooms,parking_spaces,state,city,suburb,advertiser_name,portal,aquisition_date,dupkey,sub_raw,macro_zone,micro_zone,ppsm,am_pool,am_elevator,am_gym,am_grill,am_partyhall,am_playground,am_sauna,am_furnished,is_beachfront_title,bed_bucket,txt_dist_m,txt_frentemar,txt_quadra_mar,is_offplan,dist_beach_km,guests_est,rev_pred,capex,occ,opex,noi,gross_yield,net_yield,payback_yrs,condo_annual,n_comps,ppsm_ratio,rev_adj,noi_adj,net_yield_adj,payback_adj
2767581974,https://www.vivareal.com.br/imovel/apartamento-2-quartos-morretes-bairros-itapema-com-garagem-50m2-venda-RS495000-id-2767581974/,APARTAMENTO A VENDA EM ITAPEMA,Venda,apartamento,UNIT,495000.0,,,100.0,100.0,"[""GARAGE""]",50,1,2,1,SC,Itapema,Morretes,HRM Imóveis,GRUPOZAP,2025-01-11 00:00:00.000,HRM Imóveis|495000.0|50|2|Morretes,morretes,Morretes,Morretes,9900.0,0,0,0,0,0,0,0,0,0,2,,0,0,0,0.3257284929846319,4.0,107376.0923186173,543367.5,0.695937838429473,39507.74745992756,67868.34485868974,0.1976122832495821,0.1249032098141492,8.006199372201548,1200.0,51.0,0.8416052006500812,101087.05366174475,60635.36393319171,0.1115918120483682,8.961230950946126
2762836313,https://www.vivareal.com.br/imovel/apartamento-2-quartos-morretes-bairros-itapema-com-garagem-55m2-venda-RS420000-id-2762836313/,"APARTAMENTOS EM ITAPEMA, COM 02 DORMS, PREÇO POPULAR!!! Morretes",Venda,apartamento,UNIT,420000.0,,,500.0,300.0,"[""ELECTRONIC_GATE"", ""PETS_ALLOWED"", ""DISABLED_ACCESS"", ""BICYCLES_PLACE""]",55,1,2,1,SC,Itapema,Morretes,Nei Costa,GRUPOZAP,2025-01-11 00:00:00.000,Nei Costa|420000.0|55|2|Morretes,morretes,Morretes,Morretes,7636.363636363636,0,0,0,0,0,0,0,0,0,2,,0,0,0,0.3257284929846319,4.0,107376.0923186173,476130.0,0.695937838429473,41958.99745992756,65417.09485868974,0.2255184347103045,0.1373933481584645,7.278372740772251,3600.0,51.0,0.6491720555978587,92306.76497530955,51908.63298404354,0.10902197505732372,9.172462702810147
2714533420,https://www.vivareal.com.br/imovel/apartamento-2-quartos-morretes-bairros-itapema-com-garagem-53m2-venda-RS571143-id-2714533420/,Apartamento de 2 Dormitórios | Morretes | Itapema,Venda,apartamento,UNIT,571143.0,,,1.0,1.0,"[""ELEVATOR"", ""GYM"", ""SERVICE_AREA"", ""PARTY_HALL"", ""NEAR_SCHOOL"", ""KITCHEN"", ""INTERCOM"", ""DINNER_ROOM"", ""SQUARE"", ""ENTRANCE_HALL"", ""PET_SPACE"", ""SAUNA"", ""MEZZANINE"", ""NEAR_PUBLIC_TRANSPORT"", ""ESSENTIAL_PUBLIC_SERVICES"", ""WHIRLPOOL"", ""TOYS_PLACE"", ""COWORKING""]",53,1,2,1,SC,Itapema,Morretes,Boulevard Imob,GRUPOZAP,2025-01-11 00:00:00.000,Boulevard Imob|571143.0|53|2|Morretes,morretes,Morretes,Morretes,10776.283018867924,1,1,1,0,1,0,1,0,0,2,,0,0,0,0.3257284929846319,4.0,109659.16417812929,621321.1395,0.695937838429473,39031.42678182995,70627.73739629932,0.1764935348351032,0.1136734820468784,8.797126488899181,12.0,51.0,0.916098568924889,106346.86773297636,65323.08529017699,0.1051357842785534,9.511509395797502
2752513113,https://www.vivareal.com.br/imovel/apartamento-2-quartos-morretes-bairros-itapema-com-garagem-60m2-venda-RS420000-id-2752513113/,"APARTAMENTOS EM ITAPEMA, COM 02 DORMS, PREÇO POPULAR!!! Morretes",Venda,apartamento,UNIT,420000.0,,,1000.0,300.0,"[""DISABLED_ACCESS"", ""BICYCLES_PLACE"", ""ELECTRONIC_GATE"", ""PETS_ALLOWED""]",60,1,2,1,SC,Itapema,Morretes,Nei Costa,GRUPOZAP,2025-01-11 00:00:00.000,Nei Costa|420000.0|60|2|Morretes,morretes,Morretes,Morretes,7000.0,0,0,0,0,0,0,0,0,0,2,,0,0,0,0.3257284929846319,4.0,107376.0923186173,482130.0,0.695937838429473,42458.99745992756,64917.09485868974,0.2227119082376481,0.1346464539827219,7.42685730237145,3600.0,51.0,0.5950743842980372,89538.02990923579,49693.644931184535,0.10307104915932329,9.702045415820288
2749772401,https://www.vivareal.com.br/imovel/apartamento-2-quartos-morretes-bairros-itapema-com-garagem-58m2-venda-RS450000-id-2749772401/,Apto 58 m² 2 quartos 1 vaga de garagem,Venda,apartamento,UNIT,450000.0,,,,270.0,"[""PETS_ALLOWED"", ""FURNISHED""]",58,1,2,1,SC,Itapema,Morretes,RE/MAX Sea,GRUPOZAP,2025-01-11 00:00:00.000,RE/MAX Sea|450000.0|58|2|Morretes,morretes,Morretes,Morretes,7758.620689655172,0,0,0,0,0,0,0,1,0,2,,0,0,0,0.3257284929846319,4.0,107376.0923186173,509025.0,0.695937838429473,43330.99745992756,64045.09485868974,0.2109446339936492,0.1258191539878979,7.9479154667991665,3240.0,51.0,0.6595652042712234,92821.33332346875,52401.2876625709,0.1029444283926544,9.713978848721792
2669009410,https://www.vivareal.com.br/imovel/apartamento-2-quartos-morretes-bairros-itapema-com-garagem-61m2-venda-RS445000-id-2669009410/,"Apto mobilado a venda, 2 dormitórios, 1 vaga privativa, Morretes - Itapema - SC",Venda,apartamento,UNIT,445000.0,,,400.0,330.0,"[""FURNISHED"", ""PETS_ALLOWED"", ""AIR_CONDITIONING"", ""INTERNET_ACCESS"", ""AMERICAN_KITCHEN"", ""SAFETY_CIRCUIT"", ""ELECTRONIC_GATE""]",61,1,2,1,SC,Itapema,Morretes,Airton Investimentos Imobiliários BC,GRUPOZAP,2025-01-11 00:00:00.000,Airton Investimentos Imobiliários BC|445000.0|61|2|Morretes,morretes,Morretes,Morretes,7295.081967213115,0,0,0,0,0,0,0,1,0,2,,0,0,0,0.3257284929846319,4.0,107376.0923186173,507742.5,0.695937838429473,42335.24745992756,65040.84485868974,0.211477456227551,0.128098090781626,7.806517598335954,3960.0,51.0,0.6201594871490083,90841.3923251351,50143.834863903976,0.09875839596627026,10.12572136491097
2763593920,https://www.vivareal.com.br/imovel/apartamento-2-quartos-morretes-bairros-itapema-com-garagem-53m2-venda-RS572070-id-2763593920/,Imóvel para venda possui 53 metros quadrados com 2 quartos em Morretes - Itapema - SC,Venda,apartamento,UNIT,572070.0,,,,,"[""POOL"", ""ELEVATOR"", ""GATED_COMMUNITY"", ""GYM"", ""PETS_ALLOWED"", ""PLAYGROUND"", ""PARTY_HALL"", ""CONCIERGE_24H"", ""COWORKING"", ""ELECTRONIC_GATE"", ""GAMES_ROOM""]",53,1,2,1,SC,Itapema,Morretes,C.A NEGÓCIOS IMOBILIÁRIOS,GRUPOZAP,2025-01-11 00:00:00.000,C.A NEGÓCIOS IMOBILIÁRIOS|572070.0|53|2|Morretes,morretes,Morretes,Morretes,10793.77358490566,1,1,1,0,1,1,0,0,0,2,,0,0,0,0.3257284929846319,4.0,109659.16417812929,622226.355,0.695937838429473,45882.86283182995,63776.30134629932,0.1762367718707917,0.102496946382638,9.75638821733122,4200.0,51.0,0.9175854528985934,106407.24850741637,59974.768809729,0.09638738109980732,10.37480206008003
2729537625,https://www.vivareal.com.br/imovel/apartamento-2-quartos-morretes-bairros-itapema-com-garagem-70m2-venda-RS450000-id-2729537625/,Apto pronto para morar em Morretes - Itapema - SC,Venda,apartamento,UNIT,450000.0,,,,320.0,"[""POOL"", ""ELEVATOR"", ""GATED_COMMUNITY"", ""GYM"", ""PETS_ALLOWED"", ""PLAYGROUND"", ""PARTY_HALL"", ""GAMES_ROOM"", ""DISABLED_ACCESS"", ""ELECTRONIC_GATE""]",70,1,2,1,SC,Itapema,Morretes,Airton Investimentos Imobiliários BC,GRUPOZAP,2025-01-11 00:00:00.000,Airton Investimentos Imobiliários BC|450000.0|70|2|Morretes,morretes,Morretes,Morretes,6428.571428571428,1,1,1,0,1,1,0,0,0,2,,0,0,0,0.3257284929846319,6.0,112510.62943187474,523425.0,0.695937838429473,44957.904882579045,67552.7245492957,0.2149508132624057,0.1290590333845263,7.7483921409866685,3840.0,51.0,0.5464968835390137,91064.52900231563,50395.844205648405,0.0962809269821816,10.38627307966267
2575451379,https://www.vivareal.com.br/imovel/apartamento-2-quartos-morretes-bairros-itapema-com-garagem-42m2-venda-RS680000-id-2575451379/,"Studio para Venda em Itapema, MORRETES, 2 dormitórios, 1 suíte, 2 banheiros, 1 vaga",Venda,apartamento,UNIT,680000.0,,,,,"[""POOL"", ""NEAR_SHOPPING_CENTER"", ""NEAR_SCHOOL"", ""ADULT_GAME_ROOM"", ""PARTY_HALL""]",42,2,2,1,SC,Itapema,Morretes,INEZ JESUS NUNES LIMA,GRUPOZAP,2025-01-11 00:00:00.000,INEZ JESUS NUNES LIMA|680000.0|42|2|Morretes,morretes,Morretes,Morretes,16190.47619047619,1,0,0,0,1,0,0,0,0,2,,0,0,0,0.3257284929846319,4.0,107787.31301902024,714420.0,0.695937838429473,46512.24160000814,61275.07141901211,0.1508738739383279,0.0857689754192381,11.65922753667054,4200.0,51.0,1.3763625215056643,118153.8340874906,68368.28827378838,0.09569761243216648,10.449581495137425
2769186854,https://www.vivareal.com.br/imovel/apartamento-2-quartos-morretes-bairros-itapema-com-garagem-56m2-venda-RS459640-id-2769186854/,Apartamento em Rua 416 - Morretes - Itapema/SC,Venda,apartamento,UNIT,459640.0,,,765.0,1.0,"[""POOL"", ""BARBECUE_GRILL"", ""ELEVATOR"", ""PETS_ALLOWED"", ""PLAYGROUND"", ""PARTY_HALL"", ""ADULT_GAME_ROOM""]",56,1,2,1,SC,Itapema,Morretes,USUÁRIO NEWCORE,GRUPOZAP,2025-01-11 00:00:00.000,USUÁRIO NEWCORE|459640.0|56|2|Morretes,morretes,Morretes,Morretes,8207.857142857143,1,1,0,1,1,1,0,0,0,2,,0,0,0,0.3257284929846319,4.0,96281.77009504354,516038.46,0.695937838429473,36601.45901521281,59680.31107983073,0.1865786710840187,0.1156508975703685,8.646711966861679,12.0,51.0,0.697755076527423,84886.79130395476,49192.00204695971,0.0953262321706791,10.490291887436884
2607855783,https://www.vivareal.com.br/imovel/apartamento-2-quartos-morretes-bairros-itapema-com-garagem-51m2-venda-RS580000-id-2607855783/,Itapema - Apartamento Padrão - Morretes,Venda,apartamento,UNIT,580000.0,,,,,"[""PARTY_HALL"", ""CABLE_TV"", ""GYM"", ""DINNER_ROOM""]",51,1,2,1,SC,Itapema,Morretes,Duo Imóveis,GRUPOZAP,2025-01-11 00:00:00.000,Duo Imóveis|580000.0|51|2|Morretes,morretes,Morretes,Morretes,11372.549019607844,0,0,1,0,1,0,0,0,0,2,,0,0,0,0.3257284929846319,4.0,107376.0923186173,627570.0,0.695937838429473,45499.99745992756,61876.09485868974,0.1710981919445118,0.0985963236908866,10.142365988565055,4200.0,51.0,0.9667875151060549,106114.18834491876,59666.571679730914,0.09507556396853087,10.517949705047144
2673147348,https://www.vivareal.com.br/imovel/apartamento-2-quartos-morretes-bairros-itapema-com-garagem-70m2-venda-RS700000-id-2673147348/,"Apartamento em Morretes, Itapema: Seu Refúgio à Beira-Mar! I Cadore Imóveis",Venda,apartamento,UNIT,700000.0,,,50.0,310.0,"[""POOL"", ""BARBECUE_GRILL"", ""ELEVATOR"", ""GARAGE"", ""SERVICE_AREA"", ""PARTY_HALL"", ""KITCHEN"", ""INTERCOM""]",70,1,2,1,SC,Itapema,Morretes,CADORE IMOVEIS LTDA - EPP,GRUPOZAP,2025-01-11 00:00:00.000,CADORE IMOVEIS LTDA - EPP|700000.0|70|2|Morretes,morretes,Morretes,Morretes,10000.0,1,1,0,1,1,0,0,0,0,2,,1,0,0,0.05,6.0,128330.0237125789,767550.0,0.695937838429473,47121.78373871988,81208.23997385902,0.167194350482156,0.1058018890936864,9.451627079309622,3720.0,51.0,0.8501062632829103,121239.43396271068,72330.76817396445,0.09423590407656107,10.611666644462385
2729536463,https://www.vivareal.com.br/imovel/apartamento-2-quartos-morretes-bairros-itapema-com-garagem-70m2-venda-RS461000-id-2729536463/,Apto pronto para morar em Morretes - Itapema - SC,Venda,apartamento,UNIT,461000.0,,,,370.0,"[""POOL"", ""ELEVATOR"", ""GATED_COMMUNITY"", ""GYM"", ""PETS_ALLOWED"", ""PLAYGROUND"", ""PARTY_HALL"", ""GAMES_ROOM"", ""DISABLED_ACCESS"", ""ELECTRONIC_GATE""]",70,1,2,1,SC,Itapema,Morretes,Airton Investimentos Imobiliários Itapema,GRUPOZAP,2025-01-11 00:00:00.000,Airton Investimentos Imobiliários Itapema|461000.0|70|2|Morretes,morretes,Morretes,Morretes,6585.714285714285,1,1,1,0,1,1,0,0,0,2,,0,0,0,0.3257284929846319,6.0,112510.62943187474,534166.5,0.695937838429473,45660.20488257905,66850.42454929568,0.2106283891480928,0.1251490397643725,7.990472814515997,4440.0,51.0,0.5598556962477451,91837.52895339883,50311.94416651496,0.09418775637655105,10.617091206654537
2732128414,https://www.vivareal.com.br/imovel/apartamento-2-quartos-morretes-bairros-itapema-com-garagem-59m2-venda-RS525000-id-2732128414/,APARTAMENTO C/ 2 QUARTOS E 1 VAGA MORRETES ITAPEMA,Venda,apartamento,UNIT,525000.0,,,,416.0,"[""BALCONY"", ""KITCHEN""]",59,1,2,1,SC,Itapema,Morretes,Reggiori Imóveis,GRUPOZAP,2025-01-11 00:00:00.000,Reggiori Imóveis|525000.0|59|2|Morretes,morretes,Morretes,Morretes,8898.305084745763,0,0,0,0,0,0,0,0,0,2,,0,0,0,0.3257284929846319,4.0,107376.0923186173,583462.5,0.695937838429473,45780.49745992756,61595.59485868974,0.1840325510527537,0.1055690723203114,9.472471226855708,4992.0,51.0,0.7564504885144541,97382.46703991311,53600.694635726395,0.09186656320796349,10.885353332923144
2692570680,https://www.vivareal.com.br/imovel/apartamento-2-quartos-morretes-bairros-itapema-com-garagem-60m2-venda-RS530000-id-2692570680/,Exclusividade - Apartamento 02 Dormitórios mobiliado em Morretes - Itapema,Venda,apartamento,UNIT,530000.0,,,,350.0,[],60,1,2,1,SC,Itapema,Morretes,Imobiliária Morada do Sol,GRUPOZAP,2025-01-11 00:00:00.000,Imobiliária Morada do Sol|530000.0|60|2|Morretes,morretes,Morretes,Morretes,8833.333333333334,0,0,0,0,0,0,0,0,0,2,,0,0,0,0.3257284929846319,4.0,107376.0923186173,589545.0,0.695937838429473,45034.99745992756,62341.09485868974,0.1821338359558936,0.1057444213057353,9.456763653836008,4200.0,51.0,0.7509271992332375,97133.00778840178,54146.62723451733,0.0918447739095698,10.887935779390107
2767583935,https://www.vivareal.com.br/imovel/apartamento-2-quartos-morretes-bairros-itapema-com-garagem-56m2-venda-RS600000-id-2767583935/,"Apartamento de 02 quartos a venda, Morretes, Itapema-sc",Venda,apartamento,UNIT,600000.0,,,100.0,300.0,"[""GARAGE""]",56,1,2,1,SC,Itapema,Morretes,HRM Imóveis,GRUPOZAP,2025-01-11 00:00:00.000,HRM Imóveis|600000.0|56|2|Morretes,morretes,Morretes,Morretes,10714.285714285714,0,0,0,0,0,0,0,0,0,2,,0,0,0,0.3257284929846319,4.0,107376.0923186173,653100.0,0.695937838429473,42395.99745992756,64980.09485868974,0.1644098795262858,0.0994948627448931,10.050770184627725,3600.0,51.0,0.9108281392316895,103922.68254793182,59527.367042141355,0.09114586899730724,10.97142427847765
2663299459,https://www.vivareal.com.br/imovel/apartamento-2-quartos-morretes-bairros-itapema-com-garagem-70m2-venda-RS450000-id-2663299459/,"Apartamento à venda, 70 m² por R$ 450.000,00 - Morretes - Itapema/SC",Venda,apartamento,UNIT,450000.0,,,,,"[""CABLE_TV"", ""AIR_CONDITIONING""]",70,2,2,1,SC,Itapema,Morretes,Winner Brokers,GRUPOZAP,2025-01-11 00:00:00.000,Winner Brokers|450000.0|70|2|Morretes,morretes,Morretes,Morretes,6428.571428571428,0,0,0,0,0,0,0,0,0,2,,0,0,0,0.3257284929846319,6.0,110168.19089628063,523425.0,0.695937838429473,44849.41717546023,65318.773720820405,0.2104755999355793,0.1247910851044952,8.013392937184886,4200.0,51.0,0.5464968835390137,89168.59203140113,47319.094628916806,0.09040281726879076,11.061602173599784
2750112194,https://www.vivareal.com.br/imovel/apartamento-2-quartos-morretes-bairros-itapema-com-garagem-52m2-venda-RS458000-id-2750112194/,Apartamento com 02 dormitórios em empreendimento com área de lazer completa em Itapema,Venda,apartamento,UNIT,458000.0,,,,,"[""POOL"", ""BARBECUE_GRILL"", ""ELEVATOR"", ""GYM"", ""GOURMET_SPACE"", ""SERVICE_AREA"", ""PLAYGROUND"", ""GOURMET_BALCONY"", ""CHILDRENS_POOL"", ""PARTY_HALL"", ""BICYCLES_PLACE"", ""SANCA"", ""INTERCOM"", ""LAUNDRY"", ""INTEGRATED_ENVIRONMENTS"", ""POOL_BAR"", ""MEETING_ROOM"", ""PET_SPACE"", ""ADULT_POOL"", ""SECURITY_CAMERA"", ""GAMES_ROOM"", ""PORCELAIN"", ""TOYS_PLACE"", ""ELECTRONIC_GATE""]",52,1,2,1,SC,Itapema,Morretes,José Junior - Corretor de Imóveis,GRUPOZAP,2025-01-11 00:00:00.000,José Junior - Corretor de Imóveis|458000.0|52|2|Morretes,morretes,Morretes,Morretes,8807.692307692309,1,1,1,1,1,1,0,0,0,2,,0,0,0,0.3257284929846319,4.0,96281.77009504354,509637.0,0.695937838429473,42146.5330152128,54135.23707983074,0.1889222526917071,0.1062231295605121,9.414145526849024,4200.0,51.0,0.7487474395837941,87008.4513083818,45516.58205050135,0.08931176906406196,11.19673264206328
2677690820,https://www.vivareal.com.br/imovel/apartamento-2-quartos-morretes-bairros-itapema-com-garagem-60m2-venda-RS490000-id-2677690820/,APARTAMENTO A VENDA NO SOL NASCENTE,Venda,apartamento,UNIT,490000.0,,,,3.0,"[""POOL"", ""BARBECUE_GRILL"", ""ELEVATOR"", ""BALCONY"", ""NEAR_ACCESS_ROADS"", ""NEAR_SCHOOL"", ""NEAR_HOSPITAL"", ""NEAR_SHOPPING_CENTER"", ""KITCHEN"", ""ESSENTIAL_PUBLIC_SERVICES"", ""ADULT_GAME_ROOM"", ""NEAR_PUBLIC_TRANSPORT""]",60,1,2,1,SC,Itapema,Morretes,Eraci Eponina Jaques de Oliveira,GRUPOZAP,2025-01-11 00:00:00.000,Eraci Eponina Jaques de Oliveira|490000.0|60|2|Morretes,morretes,Morretes,Morretes,8166.666666666667,1,1,0,1,0,0,0,0,0,2,,0,0,0,0.3257284929846319,4.0,96281.77009504354,550485.0,0.695937838429473,38280.13301521281,58001.63707983073,0.1749035306957383,0.1053646095349205,9.490852805453375,36.0,51.0,0.6942534483477101,84737.44829553712,48766.1796402256,0.08858766295217053,11.288253540901186
2614369252,https://www.vivareal.com.br/imovel/apartamento-2-quartos-morretes-bairros-itapema-com-garagem-55m2-venda-RS460000-id-2614369252/,APARTAMENTO A VENDA EM ITAPEMA | 2 DORMITORIOS,Venda,apartamento,UNIT,460000.0,,,,350.0,"[""POOL"", ""BARBECUE_GRILL"", ""ELEVATOR"", ""BALCONY"", ""NEAR_ACCESS_ROADS"", ""NEAR_SCHOOL"", ""NEAR_HOSPITAL"", ""NEAR_SHOPPING_CENTER"", ""CONCIERGE_24H"", ""KITCHEN"", ""ESSENTIAL_PUBLIC_SERVICES"", ""ADULT_GAME_ROOM"", ""NEAR_PUBLIC_TRANSPORT""]",55,1,2,1,SC,Itapema,Morretes,Eraci Eponina Jaques de Oliveira,GRUPOZAP,2025-01-11 00:00:00.000,Eraci Eponina Jaques de Oliveira|460000.0|55|2|Morretes,morretes,Morretes,Morretes,8363.636363636364,1,1,0,1,0,0,0,0,0,2,,0,0,0,0.3257284929846319,4.0,96281.77009504354,515190.0,0.695937838429473,42165.13301521281,54116.63707983073,0.1868859451756508,0.1050420953043163,9.519992885737006,4200.0,51.0,0.7109979656547977,85447.23055927892,45449.00545121904,0.08821794959377907,11.335561579074806
2690265792,https://www.vivareal.com.br/imovel/apartamento-2-quartos-morretes-bairros-itapema-com-garagem-70m2-venda-RS520000-id-2690265792/,"APARTAMENTO COM 02 DORMS., SENDO 01 SUITE, 02 VAGAS!!! Itapema Morretes!!!",Venda,apartamento,UNIT,520000.0,,,1000.0,300.0,"[""DISABLED_ACCESS"", ""BICYCLES_PLACE"", ""ELECTRONIC_GATE"", ""PETS_ALLOWED"", ""AIR_CONDITIONING""]",70,2,2,2,SC,Itapema,Morretes,Nei Costa,GRUPOZAP,2025-01-11 00:00:00.000,Nei Costa|520000.0|70|2|Morretes,morretes,Morretes,Morretes,7428.571428571428,0,0,0,0,0,0,0,0,0,2,,0,0,0,0.3257284929846319,6.0,110168.19089628063,591780.0,0.695937838429473,43482.41717546023,66685.7737208204,0.1861640996591311,0.1126867648802264,8.874156615134789,3600.0,51.0,0.6315075098673048,93796.9463327449,52170.77806999183,0.08815907612624933,11.343131574654176
2727636498,https://www.vivareal.com.br/imovel/apartamento-2-quartos-meia-praia-bairros-itapema-com-garagem-70m2-venda-RS749000-id-2727636498/,"Apartamento mobiliado, 140 mts do mar, 70 m², com 2 quartos em Meia Praia - Itapema - SC",Venda,apartamento,UNIT,749000.0,,,680.0,496.0,"[""FURNISHED"", ""ELEVATOR"", ""PETS_ALLOWED"", ""AIR_CONDITIONING"", ""INTERNET_ACCESS"", ""AMERICAN_KITCHEN"", ""DISABLED_ACCESS"", ""ELECTRONIC_GATE""]",70,1,2,1,SC,Itapema,Andorinha,Airton Investimentos Imobiliários Itapema,GRUPOZAP,2025-01-11 00:00:00.000,Airton Investimentos Imobiliários Itapema|749000.0|70|2|Andorinha,andorinha,Meia Praia,Meia Praia (inland),10700.0,0,1,0,0,0,0,0,1,0,2,140.0,0,0,0,0.14,4.0,128884.6596986202,815398.5,0.6996218625266131,50383.07103172366,78501.58866689654,0.1580634005319119,0.0962738938897932,10.387031827597225,5952.0,55.0,0.9324492557510149,125767.97012054513,73205.38700443649,0.08977866283104088,11.138504055044256
2760744013,https://www.vivareal.com.br/imovel/apartamento-2-quartos-meia-praia-bairros-itapema-com-garagem-67m2-venda-RS649220-id-2760744013/,Apartamento em Rua Canoinhas - Meia Praia - Itapema/SC,Venda,apartamento,UNIT,649220.0,,,1.0,1.0,"[""ELEVATOR"", ""PETS_ALLOWED"", ""GOURMET_SPACE""]",67,3,2,1,SC,Itapema,Meia Praia,USUÁRIO NEWCORE,GRUPOZAP,2025-01-11 00:00:00.000,USUÁRIO NEWCORE|649220.0|67|2|Meia Praia,meia praia,Meia Praia,Meia Praia (beach band),9689.850746268658,0,1,0,0,0,0,0,0,0,2,,0,0,0,0.1595238489308625,4.0,113653.25071094211,714363.33,0.7828146027546745,41620.252992433954,72032.99771850815,0.1590972631685085,0.1008352398470791,9.91716786231224,12.0,132.0,0.7494462115651253,102740.34646598154,60284.80132253969,0.08438955191406548,11.849808149453233
2644817470,https://www.vivareal.com.br/imovel/apartamento-2-quartos-meia-praia-bairros-itapema-com-garagem-70m2-venda-RS670000-id-2644817470/,ITAPEMA - Padrão - Meia Praia,Venda,apartamento,UNIT,670000.0,,,,,"[""BARBECUE_GRILL"", ""GYM"", ""SERVICE_AREA"", ""PLAYGROUND"", ""PARTY_HALL"", ""DINNER_ROOM"", ""ADULT_GAME_ROOM""]",70,1,2,1,SC,Itapema,Meia Praia,Otto House,GRUPOZAP,2025-01-11 00:00:00.000,Otto House|670000.0|70|2|Meia Praia,meia praia,Meia Praia,Meia Praia (beach band),9571.42857142857,0,0,1,1,1,1,0,0,0,2,,0,0,0,0.1595238489308625,5.0,124442.138539649,738255.0,0.7828146027546745,52965.157558175335,71476.98098147367,0.1685625407747309,0.0968188240939427,10.32856997963233,5988.0,132.0,0.7402870353690025,112010.1854147958,62119.4184815911,0.0841435797679543,11.884448020368698
2751486529,https://www.vivareal.com.br/imovel/apartamento-2-quartos-meia-praia-bairros-itapema-com-garagem-65m2-venda-RS695000-id-2751486529/,"Apartamento à venda, 2 quartos, 1 suíte, 1 vaga, MEIA PRAIA - ITAPEMA/SC",Venda,apartamento,UNIT,695000.0,,,,,"[""BALCONY"", ""KITCHEN"", ""GARAGE"", ""BARBECUE_GRILL"", ""SERVICE_AREA""]",65,2,2,1,SC,Itapema,Meia Praia,Imobiliária Séculus,GRUPOZAP,2025-01-11 00:00:00.000,Imobiliária Séculus|695000.0|65|2|Meia Praia,meia praia,Meia Praia,Meia Praia (beach band),10692.307692307691,0,0,0,1,0,0,0,0,0,2,,0,0,0,0.1595238489308625,4.0,121237.5468456158,756667.5,0.7828146027546745,52556.73921936869,68680.80762624711,0.1602256563756416,0.0907674872070587,11.017160778272958,5988.0,132.0,0.8269796617842015,113438.46214660184,63029.53986703594,0.08329885962729461,12.004966268137592
2692571253,https://www.vivareal.com.br/imovel/apartamento-2-quartos-meia-praia-bairros-itapema-com-garagem-70m2-venda-RS630000-id-2692571253/,Oportunidade única na Meia Praia.,Venda,apartamento,UNIT,630000.0,,,,,[],70,1,2,1,SC,Itapema,Meia Praia,Imobiliária Morada do Sol,GRUPOZAP,2025-01-11 00:00:00.000,Imobiliária Morada do Sol|630000.0|70|2|Meia Praia,meia praia,Meia Praia,Meia Praia (beach band),9000.0,0,0,0,0,0,0,0,0,0,2,,0,0,0,0.1595238489308625,5.0,120837.1769734945,699195.0,0.7828146027546745,51872.16524494443,68965.01172855007,0.172823285311672,0.0986348754332483,10.13840181383668,5988.0,132.0,0.6960907944514502,106447.05050742497,58040.91055569444,0.08301104921473186,12.0465890921727
2656027791,https://www.vivareal.com.br/imovel/apartamento-2-quartos-meia-praia-bairros-itapema-com-garagem-65m2-venda-RS650000-id-2656027791/,EXCELENTE OPORTUNIDADE DE INVESTIMENTO EM MEIA PRA,Venda,apartamento,UNIT,650000.0,,,,400.0,"[""FURNISHED"", ""BARBECUE_GRILL"", ""ELEVATOR"", ""BALCONY"", ""KITCHEN"", ""INTERCOM""]",65,1,2,1,SC,Itapema,Meia Praia,Scheeren & Silveira Imobiliaria LTDA,GRUPOZAP,2025-01-11 00:00:00.000,Scheeren & Silveira Imobiliaria LTDA|650000.0|65|2|Meia Praia,meia praia,Meia Praia,Meia Praia (beach band),10000.0,0,1,0,1,0,0,0,1,0,2,,0,0,0,0.1595238489308625,4.0,117043.892655278,712725.0,0.7828146027546745,50111.50838130113,66932.38427397687,0.164220271009545,0.0939105324970737,10.648432858488585,4800.0,132.0,0.7734342160571669,106978.60748763042,58880.1561398588,0.08261272740518265,12.104672384139999
2737456215,https://www.vivareal.com.br/imovel/apartamento-2-quartos-meia-praia-bairros-itapema-com-garagem-76m2-venda-RS735000-id-2737456215/,"Apto mobiliado a venda, 76 m², 200 metros do mar em Meia Praia - Itapema - SC",Venda,apartamento,UNIT,735000.0,,,480.0,250.0,"[""FURNISHED"", ""BARBECUE_GRILL"", ""PETS_ALLOWED"", ""AIR_CONDITIONING"", ""INTERNET_ACCESS"", ""AMERICAN_KITCHEN"", ""ELECTRONIC_GATE""]",76,2,2,2,SC,Itapema,Castelo Branco,Airton Investimentos Imobiliários Itapema,GRUPOZAP,2025-01-11 00:00:00.000,Airton Investimentos Imobiliários Itapema|735000.0|76|2|Castelo Branco,castelo branco,Meia Praia,Meia Praia (inland),9671.052631578948,0,0,0,1,0,0,0,1,0,2,200.0,0,0,0,0.2,5.0,120537.20441404944,808927.5,0.6996218625266131,45496.47997480951,75040.72443923992,0.1490086619802756,0.0927656983342016,10.779846623882,3000.0,55.0,0.842781853144363,113532.82026847354,66499.46712277921,0.08220695565768157,12.164420784101353
2764635216,https://www.vivareal.com.br/imovel/apartamento-2-quartos-meia-praia-bairros-itapema-com-garagem-40m2-venda-RS880000-id-2764635216/,Studio no Edifício Le Rêve em Itapema,Venda,apartamento,UNIT,880000.0,,,1000.0,500.0,[],40,1,2,1,SC,Itapema,Meia Praia,Imobille Negócios Imobiliários,GRUPOZAP,2025-01-11 00:00:00.000,Imobille Negócios Imobiliários|880000.0|40|2|Meia Praia,meia praia,Meia Praia,Meia Praia (beach band),22000.0,0,0,0,0,0,0,0,0,0,2,,0,0,0,0.1595238489308625,4.0,117725.41902555228,907320.0,0.7828146027546745,50494.81365535599,67230.6053701963,0.1297507153215539,0.0740980088284136,13.495639300047417,6000.0,132.0,1.7015552753257672,129047.7444685062,73196.46572455941,0.08067326381492683,12.395680461052224
2740283388,https://www.vivareal.com.br/imovel/apartamento-2-quartos-andorinha-bairros-itapema-com-garagem-65m2-venda-RS750000-id-2740283388/,Apartamento em Itapema codigo: 82445,Venda,apartamento,UNIT,750000.0,,,100.0,100.0,"[""BARBECUE_GRILL"", ""GARAGE""]",65,1,2,1,SC,Itapema,Andorinha,My Broker Florianópolis,GRUPOZAP,2025-01-11 00:00:00.000,My Broker Florianópolis|750000.0|65|2|Andorinha,andorinha,Meia Praia,Meia Praia (inland),11538.46153846154,0,0,0,1,0,0,0,0,0,2,,0,0,0,0.4580544642579884,4.0,108239.64266328952,810375.0,0.6996218625266131,40926.717624657525,67312.92503863199,0.1335673517362819,0.0830639210718889,12.038921195816592,1200.0,55.0,1.0055168106588948,108448.26723511353,64092.3246960912,0.0790897111782708,12.643869665245928
2721919538,https://www.vivareal.com.br/imovel/apartamento-2-quartos-meia-praia-bairros-itapema-com-garagem-70m2-venda-RS695000-id-2721919538/,Apartamento Vista Mar,Venda,apartamento,UNIT,695000.0,,,500.0,430.0,"[""POOL"", ""BARBECUE_GRILL"", ""ELEVATOR"", ""GATED_COMMUNITY"", ""BALCONY"", ""GYM"", ""PETS_ALLOWED"", ""GOURMET_SPACE"", ""GARAGE"", ""AIR_CONDITIONING"", ""GARDEN"", ""SERVICE_AREA"", ""GOURMET_BALCONY"", ""BARBECUE_BALCONY"", ""PARTY_HALL"", ""SPORTS_COURT"", ""TENNIS_COURT"", ""BICYCLES_PLACE"", ""CONCIERGE_24H"", ""KITCHEN"", ""DEPOSIT"", ""INTERCOM"", ""LAUNDRY"", ""DINNER_ROOM"", ""CABLE_TV"", ""HEATING"", ""BATHTUB"", ""INDOOR_SOCCER"", ""SPA"", ""FITNESS_ROOM"", ""EXTERIOR_VIEW"", ""ADULT_GAME_ROOM""]",70,3,2,1,SC,Itapema,Meia Praia,Crédito Real | Bombinhas,GRUPOZAP,2025-01-11 00:00:00.000,Crédito Real | Bombinhas|695000.0|70|2|Meia Praia,meia praia,Meia Praia,Meia Praia (beach band),9928.57142857143,1,1,1,1,1,0,0,0,0,2,,0,0,0,0.1595238489308625,5.0,120346.92872303496,762667.5,0.7828146027546745,48818.86559485253,71528.06312818243,0.1577973739841214,0.0937866935829603,10.662493385753445,5160.0,132.0,0.7679096859424729,109721.96138090246,60296.339254476436,0.07905979900084432,12.648653457736724
